GENDER,REGION
male,southwest
male,southwest
male,southwest
male,southwest
male,southwest
male,southwest
male,southwest
male,southwest
male,southwest
male,southwest
male,southwest
male,southwest
male,southwest
male,southwest
male,southwest
male,southwest
male,southwest
male,southwest
male,southwest
male,southwest
male,southwest
male,southwest
male,southwest
male,southwest
male,southwest
male,southwest
male,southwest
male,southwest
male,southwest
male,southwest
male,southwest
male,southwest
male,southwest
male,southwest
male,southwest
male,southwest
male,southwest
male,southwest
male,southwest
male,southwest
male,southwest
male,southwest
male,southwest
male,southwest
male,southwest
male,southwest
male,southwest
male,southwest
male,southwest
male,southwest
male,southwest
male,southwest
male,southwest
male,southwest
male,southwest
male,southwest
male,southwest
male,southwest
male,southwest
male,southwest
male,southwest
male,southwest
male,southwest
male,southwest
male,southwest
male,southwest
male,southwest
male,southwest
male,southwest
male,southwest
male,southwest
male,southwest
male,southwest
male,southwest
male,southwest
male,southwest
male,southwest
male,southwest
male,southwest
male,southwest
male,southwest
male,southwest
male,southwest
male,southwest
male,southwest
male,southwest
male,southwest
male,southwest
male,southwest
male,southwest
male,southwest
male,southwest
male,southwest
male,southwest
male,southwest
male,southwest
male,southwest
male,southwest
male,southwest
male,southwest
male,southwest
male,southwest
male,southwest
male,southwest
male,southwest
male,southwest
male,southwest
male,southwest
male,southwest
male,southwest
male,southwest
male,southwest
male,southwest
male,southwest
male,southwest
male,southwest
male,southwest
male,southwest
male,southwest
male,southwest
male,southwest
male,southwest
male,southwest
male,southwest
male,southwest
male,southwest
male,southwest
male,southwest
male,southwest
male,southwest
male,southwest
male,southwest
male,southwest
male,southwest
male,southwest
male,southwest
male,southwest
male,southwest
male,southwest
male,southwest
male,southwest
male,southwest
male,southwest
male,southwest
male,southwest
male,southwest
male,southwest
male,southwest
male,southwest
male,southwest
male,southwest
male,southwest
